               epoch,      train/box_loss,      train/obj_loss,      train/cls_loss,   metrics/precision,      metrics/recall,     metrics/mAP_0.5,metrics/mAP_0.5:0.95,        val/box_loss,        val/obj_loss,        val/cls_loss,               x/lr0,               x/lr1,               x/lr2
                   0,            0.070481,            0.067811,            0.062058,             0.21401,             0.45389,             0.17531,             0.09607,            0.038011,            0.026336,            0.058613,            0.070125,           0.0033194,           0.0033194
                   1,             0.05036,            0.054685,            0.042499,             0.62211,             0.50294,             0.52248,             0.29997,            0.034922,            0.024121,            0.039101,            0.040092,           0.0066198,           0.0066198
                   2,            0.048345,            0.051762,            0.025355,             0.68863,             0.52471,             0.58148,             0.35172,            0.034281,            0.025894,            0.030154,            0.010026,           0.0098872,           0.0098872
                   3,            0.042436,            0.050932,            0.019065,             0.66016,             0.66157,             0.71941,             0.43614,            0.031341,            0.025752,            0.024905,           0.0098515,           0.0098515,           0.0098515
                   4,            0.038465,            0.051024,            0.015324,              0.7563,             0.75641,             0.82917,             0.54725,            0.029098,            0.025179,            0.017826,           0.0098515,           0.0098515,           0.0098515
                   5,            0.036554,             0.05006,            0.011717,             0.83621,             0.80587,             0.89508,              0.5954,            0.026779,            0.024116,            0.010598,            0.009802,            0.009802,            0.009802
                   6,             0.03536,            0.048994,            0.010043,             0.78531,              0.8085,             0.88194,             0.57384,            0.026984,            0.024301,           0.0084931,           0.0097525,           0.0097525,           0.0097525
                   7,            0.034536,            0.047866,           0.0088297,             0.83946,             0.86262,             0.92093,             0.65101,            0.024348,            0.022952,           0.0075081,            0.009703,            0.009703,            0.009703
                   8,            0.033882,            0.048978,            0.008514,             0.82635,             0.84406,               0.922,             0.66584,            0.025395,            0.022688,             0.00785,           0.0096535,           0.0096535,           0.0096535
                   9,            0.032472,            0.046885,           0.0074656,               0.799,             0.84646,             0.91759,             0.66058,            0.023966,            0.023721,           0.0075957,            0.009604,            0.009604,            0.009604
                  10,            0.031951,            0.047869,           0.0071129,             0.84209,             0.83825,               0.917,             0.67607,            0.022273,            0.022935,            0.014343,           0.0095545,           0.0095545,           0.0095545
                  11,            0.031029,            0.046525,           0.0065882,              0.7969,             0.81295,             0.89246,             0.65793,            0.021224,            0.022967,             0.01039,            0.009505,            0.009505,            0.009505
                  12,            0.031325,             0.04492,            0.006952,             0.83081,             0.89549,             0.93424,             0.68915,            0.021075,            0.022087,           0.0070897,           0.0094555,           0.0094555,           0.0094555
                  13,             0.03063,             0.04595,           0.0076483,             0.83853,             0.83426,             0.90827,             0.67153,            0.021676,             0.02274,           0.0055343,            0.009406,            0.009406,            0.009406
                  14,            0.030032,            0.045697,           0.0058248,             0.80137,             0.84403,             0.89206,             0.65822,            0.021847,            0.022432,           0.0086846,           0.0093565,           0.0093565,           0.0093565
                  15,            0.029427,            0.044908,           0.0050145,             0.84623,              0.8605,              0.9269,             0.69115,            0.021866,            0.021822,           0.0061669,            0.009307,            0.009307,            0.009307
                  16,            0.029029,            0.043821,           0.0048462,             0.86913,             0.88337,             0.94206,             0.70534,            0.021556,             0.02142,           0.0044165,           0.0092575,           0.0092575,           0.0092575
                  17,            0.028878,            0.043396,           0.0047132,             0.84506,             0.85725,             0.93321,             0.69938,            0.021497,            0.022111,           0.0068225,            0.009208,            0.009208,            0.009208
                  18,            0.028499,            0.043179,           0.0045983,             0.87972,             0.87124,             0.93346,             0.71022,            0.020996,            0.022707,           0.0053857,           0.0091585,           0.0091585,           0.0091585
                  19,            0.027834,            0.043491,           0.0045546,             0.84213,             0.89991,             0.93575,             0.71158,            0.021806,            0.021309,           0.0045495,            0.009109,            0.009109,            0.009109
                  20,            0.027947,             0.04221,           0.0041367,             0.88519,             0.85766,             0.93981,             0.72346,            0.020275,            0.021513,           0.0054842,           0.0090595,           0.0090595,           0.0090595
                  21,            0.027462,            0.041815,           0.0034903,             0.86938,             0.88553,             0.94527,              0.7284,             0.02001,            0.021014,           0.0029323,             0.00901,             0.00901,             0.00901
                  22,            0.027508,            0.042445,           0.0038795,             0.86456,             0.89479,             0.94427,             0.72894,            0.019826,            0.021053,           0.0032296,           0.0089605,           0.0089605,           0.0089605
                  23,            0.026824,            0.041392,           0.0034458,             0.90037,             0.88586,              0.9538,               0.733,            0.019214,             0.02043,           0.0035566,            0.008911,            0.008911,            0.008911
                  24,            0.027057,            0.042666,           0.0037324,             0.88585,              0.8768,             0.94842,             0.72942,            0.019343,            0.020812,           0.0040328,           0.0088615,           0.0088615,           0.0088615
                  25,            0.026974,            0.042546,           0.0039561,             0.85714,             0.87131,             0.93118,             0.70878,            0.020391,            0.021436,           0.0047551,            0.008812,            0.008812,            0.008812
                  26,            0.026265,            0.042143,           0.0038452,             0.85842,             0.88086,             0.94153,             0.72401,             0.01916,            0.021091,           0.0037761,           0.0087625,           0.0087625,           0.0087625
                  27,            0.026787,            0.041028,           0.0032594,             0.87495,             0.91166,             0.95471,             0.73593,            0.019569,            0.020472,           0.0038143,            0.008713,            0.008713,            0.008713
                  28,            0.025627,            0.041212,           0.0031828,             0.87156,             0.89567,             0.94401,             0.73399,            0.018929,            0.020391,           0.0041282,           0.0086635,           0.0086635,           0.0086635
                  29,            0.025989,            0.040387,           0.0029326,              0.8542,             0.87989,             0.93648,             0.72327,            0.019057,            0.020353,           0.0056692,            0.008614,            0.008614,            0.008614
                  30,            0.026041,            0.040757,           0.0029833,             0.86769,             0.90078,             0.95114,             0.74264,            0.019666,            0.020568,            0.003585,           0.0085645,           0.0085645,           0.0085645
                  31,            0.025598,            0.040459,            0.002919,             0.88374,             0.91921,             0.95811,             0.75634,            0.018545,            0.020309,           0.0022451,            0.008515,            0.008515,            0.008515
                  32,            0.025305,            0.039466,           0.0028001,             0.88366,             0.89573,             0.95316,             0.74721,            0.019246,            0.020743,           0.0027552,           0.0084655,           0.0084655,           0.0084655
                  33,            0.025774,            0.039314,            0.002647,             0.86604,             0.89539,             0.94731,             0.74197,            0.018894,            0.020499,           0.0034699,            0.008416,            0.008416,            0.008416
                  34,            0.025144,            0.040827,           0.0030966,             0.88014,             0.88834,             0.94761,             0.74559,            0.018776,            0.020015,           0.0044618,           0.0083665,           0.0083665,           0.0083665
                  35,            0.025187,            0.039629,           0.0026261,             0.86444,             0.89972,             0.94543,             0.74167,            0.018747,            0.020105,           0.0042577,            0.008317,            0.008317,            0.008317
                  36,            0.024995,            0.038448,           0.0024571,             0.87653,             0.88484,              0.9431,             0.74417,            0.018647,            0.020767,           0.0048274,           0.0082675,           0.0082675,           0.0082675
                  37,            0.024447,            0.039067,           0.0023818,             0.87302,             0.89376,             0.94778,             0.74266,            0.018699,            0.020826,           0.0025462,            0.008218,            0.008218,            0.008218
                  38,            0.024724,             0.03808,           0.0027945,             0.86379,             0.90848,             0.95154,             0.74677,            0.018622,            0.020632,           0.0025362,           0.0081685,           0.0081685,           0.0081685
                  39,             0.02459,            0.037689,           0.0023794,             0.86208,             0.88835,             0.94181,             0.73332,            0.018494,            0.020704,           0.0038929,            0.008119,            0.008119,            0.008119
                  40,            0.024662,            0.038967,           0.0022739,             0.91193,              0.8687,              0.9534,             0.74783,            0.018529,            0.020315,           0.0025967,           0.0080695,           0.0080695,           0.0080695
                  41,            0.023559,            0.037242,           0.0027896,             0.88715,             0.88924,              0.9501,             0.73949,            0.018913,            0.020912,           0.0032551,             0.00802,             0.00802,             0.00802
                  42,            0.024228,            0.039429,           0.0026425,             0.88262,              0.8848,             0.94535,             0.74876,            0.018249,            0.020633,           0.0029999,           0.0079705,           0.0079705,           0.0079705
                  43,            0.024495,            0.038915,           0.0022561,             0.88685,             0.90422,             0.95233,             0.75362,            0.018178,            0.020448,           0.0025096,            0.007921,            0.007921,            0.007921
                  44,            0.023651,            0.037145,           0.0020366,             0.84998,             0.89335,             0.93407,             0.74123,            0.018143,            0.020454,           0.0074167,           0.0078715,           0.0078715,           0.0078715
                  45,            0.023853,            0.038038,           0.0023081,              0.9043,             0.89039,             0.95401,             0.75601,            0.018283,            0.020886,           0.0018216,            0.007822,            0.007822,            0.007822
                  46,            0.023731,            0.037736,            0.002006,             0.87843,             0.87708,             0.94433,             0.74358,            0.018499,            0.020931,           0.0029274,           0.0077725,           0.0077725,           0.0077725
                  47,            0.024465,            0.038247,           0.0018796,              0.8583,              0.9061,             0.94392,             0.74897,            0.018227,            0.020419,            0.004809,            0.007723,            0.007723,            0.007723
                  48,              0.0231,            0.036819,           0.0018606,             0.88806,             0.91181,             0.94832,             0.75255,            0.018204,            0.020546,           0.0016707,           0.0076735,           0.0076735,           0.0076735
                  49,            0.023653,            0.038095,           0.0022128,             0.88204,             0.91644,             0.95112,             0.75547,             0.01793,            0.020289,           0.0020987,            0.007624,            0.007624,            0.007624
                  50,            0.023295,            0.037144,           0.0020505,             0.88554,             0.90526,             0.95069,             0.75757,            0.017983,            0.020611,           0.0021555,           0.0075745,           0.0075745,           0.0075745
                  51,            0.023263,            0.036879,           0.0021136,             0.89751,             0.89671,             0.95528,             0.76185,            0.017717,            0.019799,           0.0031951,            0.007525,            0.007525,            0.007525
                  52,            0.023109,            0.037002,            0.001725,             0.87561,             0.91756,             0.95518,             0.76125,            0.017828,            0.020212,           0.0023147,           0.0074755,           0.0074755,           0.0074755
                  53,            0.023175,             0.03707,           0.0017342,             0.88894,             0.88853,              0.9487,             0.75954,            0.018001,             0.02014,           0.0031036,            0.007426,            0.007426,            0.007426
                  54,            0.022777,             0.03623,           0.0017876,             0.87748,             0.91021,             0.95169,             0.75627,            0.017911,            0.020448,            0.002341,           0.0073765,           0.0073765,           0.0073765
                  55,            0.022967,            0.036498,           0.0017883,             0.87932,             0.91269,             0.95295,              0.7598,            0.017763,            0.020499,           0.0028957,            0.007327,            0.007327,            0.007327
                  56,            0.023413,            0.037002,           0.0017459,             0.89356,             0.90834,             0.95728,             0.76458,             0.01744,            0.020157,           0.0015497,           0.0072775,           0.0072775,           0.0072775
                  57,            0.022773,            0.036151,           0.0020731,             0.90572,             0.90237,              0.9564,             0.75998,            0.017677,            0.020318,           0.0012932,            0.007228,            0.007228,            0.007228
                  58,             0.02269,            0.037191,           0.0018674,             0.88021,             0.89936,             0.95136,             0.75708,            0.017646,            0.020459,           0.0029618,           0.0071785,           0.0071785,           0.0071785
                  59,            0.022653,            0.035526,           0.0016878,             0.88856,             0.91537,             0.95538,             0.76532,            0.017653,            0.020551,           0.0021579,            0.007129,            0.007129,            0.007129
                  60,            0.022757,            0.035807,           0.0021092,             0.89337,             0.91423,             0.95795,             0.76573,            0.017731,            0.020319,           0.0018362,           0.0070795,           0.0070795,           0.0070795
                  61,            0.022557,            0.035882,           0.0020447,             0.89291,              0.9158,             0.95952,             0.76557,            0.017595,            0.020615,           0.0014361,             0.00703,             0.00703,             0.00703
                  62,            0.023332,            0.036032,            0.001803,             0.89197,             0.88705,             0.95177,             0.75776,            0.017658,            0.020407,           0.0029548,           0.0069805,           0.0069805,           0.0069805
                  63,            0.023096,            0.035696,           0.0016818,             0.88276,             0.92029,             0.95566,             0.76449,            0.017553,            0.020496,           0.0017736,            0.006931,            0.006931,            0.006931
                  64,            0.022582,            0.035591,           0.0016236,             0.86686,             0.91775,             0.95253,             0.76403,            0.017642,            0.020486,           0.0029049,           0.0068815,           0.0068815,           0.0068815
                  65,            0.022289,            0.035807,           0.0016561,             0.88545,             0.89875,              0.9506,             0.75894,            0.017583,            0.020684,           0.0027314,            0.006832,            0.006832,            0.006832
                  66,            0.022198,             0.03648,           0.0015581,             0.88686,             0.90005,             0.95383,             0.76444,            0.017697,            0.020726,           0.0019665,           0.0067825,           0.0067825,           0.0067825
                  67,            0.022121,            0.034972,           0.0016798,             0.88894,             0.90655,             0.95516,             0.76541,             0.01751,            0.020456,           0.0019942,            0.006733,            0.006733,            0.006733
                  68,            0.022482,             0.03571,           0.0016703,             0.86989,             0.90337,             0.94379,             0.75291,            0.017744,            0.020626,           0.0031015,           0.0066835,           0.0066835,           0.0066835
                  69,            0.021828,            0.035068,           0.0017179,             0.88354,             0.91496,             0.95123,             0.76192,            0.017581,            0.020295,           0.0020697,            0.006634,            0.006634,            0.006634
                  70,            0.022023,            0.034987,             0.00148,             0.89019,             0.90148,             0.95056,             0.76571,            0.017582,            0.020811,           0.0029161,           0.0065845,           0.0065845,           0.0065845
                  71,             0.02199,            0.035577,           0.0015315,             0.88941,              0.9044,              0.9541,             0.76753,              0.0174,            0.020478,           0.0022832,            0.006535,            0.006535,            0.006535
                  72,            0.021851,            0.035399,           0.0014928,             0.88743,             0.91588,             0.95578,              0.7721,            0.017371,            0.020508,           0.0017035,           0.0064855,           0.0064855,           0.0064855
                  73,            0.021726,            0.034483,           0.0013534,              0.8939,             0.90472,             0.95641,             0.77083,            0.017355,            0.020005,           0.0023762,            0.006436,            0.006436,            0.006436
                  74,            0.021578,            0.034888,           0.0021067,             0.88883,             0.90533,             0.95398,             0.76675,            0.017505,            0.020369,           0.0026659,           0.0063865,           0.0063865,           0.0063865
                  75,            0.022162,            0.035176,           0.0016975,             0.90287,             0.91397,             0.95913,             0.77053,            0.017248,            0.020403,            0.001192,            0.006337,            0.006337,            0.006337
                  76,             0.02206,            0.035483,           0.0013776,             0.87299,             0.93004,             0.95151,             0.76465,            0.017345,            0.020686,           0.0012983,           0.0062875,           0.0062875,           0.0062875
                  77,            0.021723,            0.034424,           0.0013429,             0.89827,             0.89792,             0.95077,             0.76492,            0.017471,            0.020602,           0.0022604,            0.006238,            0.006238,            0.006238
                  78,            0.021825,            0.034957,           0.0017121,             0.87872,             0.91847,             0.95247,             0.76645,             0.01746,            0.020469,           0.0018738,           0.0061885,           0.0061885,           0.0061885
                  79,            0.022014,            0.035222,           0.0015649,             0.88444,             0.91639,             0.95243,             0.77041,            0.017216,            0.020437,           0.0014733,            0.006139,            0.006139,            0.006139
                  80,            0.021746,            0.034583,           0.0012167,             0.88428,             0.90603,              0.9504,             0.76856,            0.017374,            0.020642,           0.0025139,           0.0060895,           0.0060895,           0.0060895
                  81,            0.022039,            0.035301,            0.001283,             0.87826,             0.91827,             0.95043,             0.76602,            0.017392,            0.020634,           0.0020084,             0.00604,             0.00604,             0.00604
                  82,            0.021618,            0.034113,           0.0014472,             0.89229,             0.91783,             0.95791,             0.77429,            0.017287,            0.020292,           0.0013293,           0.0059905,           0.0059905,           0.0059905
                  83,            0.021078,              0.0332,           0.0014744,              0.9016,             0.91429,             0.95553,             0.77221,             0.01721,            0.020348,           0.0012096,            0.005941,            0.005941,            0.005941
                  84,            0.021127,            0.034335,           0.0012842,             0.90463,             0.91204,             0.95516,             0.77149,            0.017356,            0.020498,           0.0011258,           0.0058915,           0.0058915,           0.0058915
                  85,            0.021096,             0.03315,           0.0013692,             0.89859,             0.91311,             0.95566,             0.77402,            0.017248,            0.020409,           0.0015791,            0.005842,            0.005842,            0.005842
                  86,             0.02131,             0.03441,           0.0013715,             0.89076,               0.901,             0.95309,             0.76931,            0.017494,            0.020554,           0.0030074,           0.0057925,           0.0057925,           0.0057925
                  87,            0.021198,            0.033943,           0.0012687,             0.88969,             0.90815,             0.95142,             0.76667,            0.017467,            0.020895,           0.0020406,            0.005743,            0.005743,            0.005743
                  88,            0.021358,            0.034427,           0.0011949,             0.89045,             0.91223,              0.9525,             0.77029,             0.01738,            0.020682,           0.0019411,           0.0056935,           0.0056935,           0.0056935
                  89,            0.020914,            0.034722,            0.001229,             0.88997,             0.91266,             0.95249,             0.76852,            0.017337,             0.02065,           0.0021841,            0.005644,            0.005644,            0.005644
                  90,            0.020979,            0.033266,           0.0014162,             0.88572,             0.92484,             0.95384,             0.76938,            0.017305,            0.020698,           0.0019433,           0.0055945,           0.0055945,           0.0055945
                  91,            0.021262,            0.034384,           0.0012023,              0.8913,             0.90772,             0.95727,                0.77,            0.017213,            0.020606,           0.0022649,            0.005545,            0.005545,            0.005545
                  92,            0.020639,            0.033583,           0.0012452,             0.90374,             0.90229,             0.95481,             0.77287,            0.017406,            0.020536,           0.0019167,           0.0054955,           0.0054955,           0.0054955
                  93,            0.021108,            0.033491,           0.0012476,             0.88637,             0.91035,              0.9545,             0.77134,            0.017377,            0.020631,           0.0026921,            0.005446,            0.005446,            0.005446
                  94,            0.021188,            0.033335,             0.00206,             0.89138,             0.91542,             0.95883,             0.77369,            0.017415,            0.020335,           0.0021031,           0.0053965,           0.0053965,           0.0053965
                  95,            0.021073,            0.034274,           0.0011694,             0.88645,             0.92205,             0.95815,             0.77395,            0.017244,             0.02053,           0.0019606,            0.005347,            0.005347,            0.005347
                  96,            0.020805,            0.034002,           0.0010184,             0.88938,             0.91461,             0.95558,             0.77127,            0.017234,            0.020506,           0.0017811,           0.0052975,           0.0052975,           0.0052975
                  97,            0.020371,            0.032875,           0.0010808,             0.90726,             0.89595,             0.95823,             0.77376,            0.017313,            0.020733,           0.0014831,            0.005248,            0.005248,            0.005248
                  98,            0.020516,             0.03268,           0.0011908,             0.90197,             0.89849,             0.95535,             0.77221,            0.017257,            0.020849,            0.002258,           0.0051985,           0.0051985,           0.0051985
                  99,            0.020955,            0.032699,           0.0011578,             0.89962,             0.89798,             0.95194,             0.77061,            0.017298,            0.020664,           0.0025947,            0.005149,            0.005149,            0.005149
                 100,            0.020093,            0.032455,           0.0012059,             0.90831,              0.9076,              0.9558,             0.77532,            0.017296,            0.020467,            0.002372,           0.0050995,           0.0050995,           0.0050995
                 101,            0.020339,            0.032263,            0.001037,             0.89798,             0.91357,             0.95731,             0.77581,            0.017141,            0.020578,            0.001536,             0.00505,             0.00505,             0.00505
                 102,            0.020115,            0.032851,           0.0010633,              0.9016,             0.89713,             0.95467,              0.7728,            0.017358,            0.020824,           0.0019192,           0.0050005,           0.0050005,           0.0050005
                 103,            0.020837,            0.032313,          0.00098782,              0.8957,             0.91362,             0.95822,             0.77476,            0.017284,            0.020866,           0.0013559,            0.004951,            0.004951,            0.004951
                 104,            0.020155,            0.032751,           0.0010072,             0.90427,             0.90511,             0.95569,              0.7735,             0.01711,              0.0215,           0.0012574,           0.0049015,           0.0049015,           0.0049015
                 105,            0.020022,            0.032127,           0.0010435,             0.90275,             0.90465,             0.95272,             0.77102,            0.017169,            0.021373,           0.0017441,            0.004852,            0.004852,            0.004852
                 106,             0.02043,            0.032484,           0.0010719,             0.89202,             0.91814,             0.95683,             0.77721,            0.017039,            0.020964,           0.0016067,           0.0048025,           0.0048025,           0.0048025
                 107,            0.020203,            0.032231,           0.0010614,             0.88274,             0.92279,             0.95502,             0.77544,            0.017296,            0.020751,           0.0018414,            0.004753,            0.004753,            0.004753
                 108,            0.019924,            0.032776,           0.0010655,             0.89872,             0.90529,             0.95209,             0.77206,            0.017256,            0.021182,           0.0022267,           0.0047035,           0.0047035,           0.0047035
                 109,            0.020085,            0.032666,           0.0010958,             0.88965,              0.9016,             0.95261,              0.7747,            0.017262,            0.020983,            0.001856,            0.004654,            0.004654,            0.004654
                 110,            0.019778,            0.032346,          0.00099304,              0.8833,             0.92361,             0.95415,             0.77498,            0.017283,            0.021148,           0.0017818,           0.0046045,           0.0046045,           0.0046045
                 111,            0.019833,            0.032486,          0.00091973,             0.89341,             0.91549,              0.9561,             0.77773,            0.017039,             0.02076,           0.0023574,            0.004555,            0.004555,            0.004555
                 112,            0.019893,             0.03195,           0.0010008,             0.89637,             0.90229,             0.95274,             0.77718,            0.017094,            0.020888,           0.0020662,           0.0045055,           0.0045055,           0.0045055
                 113,            0.019979,            0.031978,            0.001052,              0.8936,             0.91091,             0.95367,             0.77396,            0.017199,            0.020855,           0.0017762,            0.004456,            0.004456,            0.004456
                 114,            0.019925,            0.031712,           0.0010464,             0.90824,             0.90707,             0.95428,             0.77372,            0.017049,            0.021053,            0.001353,           0.0044065,           0.0044065,           0.0044065
                 115,            0.019703,            0.032163,            0.000943,             0.91189,              0.9021,             0.95374,             0.77392,            0.016962,            0.021231,           0.0017305,            0.004357,            0.004357,            0.004357
                 116,            0.019674,             0.03146,          0.00095599,             0.89422,             0.91077,             0.95518,             0.77488,             0.01696,             0.02117,           0.0015328,           0.0043075,           0.0043075,           0.0043075
                 117,            0.019667,            0.032847,           0.0010505,             0.90225,             0.91269,             0.95487,             0.77325,            0.017031,            0.021034,           0.0019919,            0.004258,            0.004258,            0.004258
                 118,            0.019698,             0.03237,           0.0010929,             0.90996,             0.90843,             0.95585,              0.7756,            0.017054,             0.02107,           0.0014831,           0.0042085,           0.0042085,           0.0042085
                 119,            0.019551,            0.032198,            0.000915,             0.90498,             0.91278,             0.95745,             0.77621,            0.017092,            0.021066,           0.0011556,            0.004159,            0.004159,            0.004159
                 120,              0.0197,             0.03176,          0.00085908,             0.89371,             0.91419,             0.95438,             0.77456,            0.017055,            0.021029,           0.0017491,           0.0041095,           0.0041095,           0.0041095
                 121,            0.019184,            0.030648,          0.00082205,             0.89481,             0.91018,             0.95413,             0.77368,            0.016971,            0.021076,           0.0020326,             0.00406,             0.00406,             0.00406
                 122,            0.019432,            0.031296,           0.0007943,             0.89813,             0.90895,             0.95306,              0.7758,            0.017154,             0.02094,           0.0021905,           0.0040105,           0.0040105,           0.0040105
                 123,            0.019361,            0.031706,           0.0009426,              0.9071,             0.89985,             0.95185,             0.77515,            0.017254,            0.020952,           0.0021543,            0.003961,            0.003961,            0.003961
                 124,            0.019167,            0.031037,          0.00096098,             0.91007,              0.9061,             0.95304,             0.77595,            0.017355,            0.020989,           0.0019904,           0.0039115,           0.0039115,           0.0039115
                 125,            0.019335,            0.031445,          0.00084055,             0.90823,              0.9011,             0.95265,             0.77385,            0.017454,            0.021181,           0.0016635,            0.003862,            0.003862,            0.003862
                 126,            0.019124,            0.031021,          0.00083119,             0.91175,             0.90489,             0.95235,             0.77432,             0.01742,             0.02099,           0.0012437,           0.0038125,           0.0038125,           0.0038125
                 127,            0.019344,             0.03192,          0.00091471,             0.90026,             0.92031,             0.95399,             0.77828,            0.017421,            0.020947,           0.0011351,            0.003763,            0.003763,            0.003763
                 128,            0.019139,             0.03055,          0.00088432,             0.90281,             0.91769,             0.95222,             0.77696,            0.017341,            0.021181,          0.00099774,           0.0037135,           0.0037135,           0.0037135
                 129,             0.01855,            0.030632,          0.00088171,             0.90623,             0.91473,             0.95403,             0.77816,            0.017256,            0.021031,           0.0011142,            0.003664,            0.003664,            0.003664
                 130,            0.019039,            0.031502,          0.00092017,             0.89816,             0.92555,             0.95436,             0.77941,            0.017257,            0.021122,           0.0010744,           0.0036145,           0.0036145,           0.0036145
                 131,            0.018834,            0.029985,          0.00083499,             0.90618,             0.90784,             0.95628,             0.77636,            0.017351,            0.021217,           0.0013348,            0.003565,            0.003565,            0.003565
                 132,            0.019227,            0.031623,           0.0010114,             0.91293,             0.91235,             0.95563,             0.77767,            0.017093,            0.021068,            0.001119,           0.0035155,           0.0035155,           0.0035155
                 133,            0.018876,            0.031022,           0.0008326,             0.90233,             0.91662,             0.95537,             0.77903,            0.016974,            0.020913,           0.0014233,            0.003466,            0.003466,            0.003466
                 134,            0.019002,            0.030673,          0.00079058,             0.90039,             0.91756,             0.95293,             0.77692,            0.017059,            0.020894,           0.0016653,           0.0034165,           0.0034165,           0.0034165
                 135,            0.018555,            0.030309,          0.00087732,               0.905,             0.91277,              0.9531,             0.77569,            0.017078,            0.020822,           0.0018713,            0.003367,            0.003367,            0.003367
                 136,            0.018271,            0.029904,          0.00077465,             0.89134,             0.92362,             0.95263,             0.77684,            0.017111,            0.020995,           0.0016684,           0.0033175,           0.0033175,           0.0033175
                 137,             0.01857,            0.030922,          0.00075819,             0.90383,             0.91695,             0.95427,             0.77826,            0.017149,            0.020959,           0.0014177,            0.003268,            0.003268,            0.003268
                 138,            0.018546,            0.030845,          0.00070813,             0.90456,             0.91482,              0.9529,             0.77865,            0.017153,             0.02097,           0.0013333,           0.0032185,           0.0032185,           0.0032185
                 139,             0.01872,            0.030714,          0.00083967,             0.90076,             0.91931,             0.95567,              0.7779,            0.017105,            0.020959,           0.0013874,            0.003169,            0.003169,            0.003169
                 140,            0.018806,            0.030261,           0.0008734,             0.90893,             0.91533,             0.95802,             0.78084,            0.017009,            0.020708,           0.0011152,           0.0031195,           0.0031195,           0.0031195
                 141,             0.01877,            0.030275,          0.00076651,              0.9056,             0.91315,             0.95704,             0.78116,            0.017127,            0.020953,           0.0011083,             0.00307,             0.00307,             0.00307
                 142,            0.018667,            0.030486,          0.00077188,             0.89858,             0.92028,             0.95616,             0.78046,            0.017087,             0.02106,           0.0013059,           0.0030205,           0.0030205,           0.0030205
                 143,            0.018571,            0.030711,          0.00072019,             0.90216,             0.92243,             0.95758,             0.78063,            0.017057,            0.020978,           0.0013649,            0.002971,            0.002971,            0.002971
                 144,            0.018307,            0.030732,          0.00076096,             0.90669,             0.91181,             0.95516,             0.77925,            0.017083,            0.021137,           0.0014229,           0.0029215,           0.0029215,           0.0029215
                 145,            0.018457,            0.029643,          0.00080306,             0.89948,             0.92533,             0.95674,             0.77957,            0.017076,            0.021131,           0.0011779,            0.002872,            0.002872,            0.002872
                 146,             0.01832,            0.029976,          0.00068581,             0.90671,             0.92111,             0.95692,             0.77997,            0.017098,            0.021211,           0.0011115,           0.0028225,           0.0028225,           0.0028225
                 147,            0.018366,            0.030672,          0.00064395,             0.91119,             0.92026,             0.95745,             0.77766,            0.017242,              0.0213,           0.0012549,            0.002773,            0.002773,            0.002773
                 148,            0.017806,            0.029797,          0.00068529,             0.90905,             0.91661,             0.95535,             0.77789,            0.017183,            0.021458,           0.0012119,           0.0027235,           0.0027235,           0.0027235
                 149,             0.01795,            0.029431,          0.00070329,             0.90821,             0.91673,             0.95551,             0.77685,            0.017203,            0.021526,           0.0011136,            0.002674,            0.002674,            0.002674
                 150,            0.018173,            0.029489,          0.00069212,             0.90826,             0.91265,             0.95607,              0.7776,            0.017131,            0.021559,           0.0010572,           0.0026245,           0.0026245,           0.0026245
                 151,            0.018274,            0.030685,          0.00064966,             0.90764,               0.912,             0.95595,             0.77891,            0.017102,            0.021591,           0.0010269,            0.002575,            0.002575,            0.002575
                 152,            0.018088,            0.029666,          0.00068197,             0.90596,             0.91901,             0.95588,             0.77739,            0.017125,            0.021612,           0.0010474,           0.0025255,           0.0025255,           0.0025255
                 153,            0.018012,            0.029633,          0.00064631,             0.90304,             0.91813,             0.95533,             0.77946,            0.017223,            0.021631,           0.0010603,            0.002476,            0.002476,            0.002476
                 154,            0.017801,            0.028751,          0.00066153,             0.90205,             0.91639,             0.95515,             0.77926,            0.017169,            0.021667,           0.0012381,           0.0024265,           0.0024265,           0.0024265
                 155,            0.018197,             0.02983,          0.00064003,             0.90491,              0.9151,             0.95508,             0.77947,            0.017072,            0.021712,           0.0011117,            0.002377,            0.002377,            0.002377
                 156,            0.017818,            0.029914,          0.00060064,             0.89869,             0.92123,              0.9559,             0.78019,            0.017026,            0.021604,           0.0010741,           0.0023275,           0.0023275,           0.0023275
                 157,            0.017889,            0.029332,          0.00075826,             0.90967,              0.9105,              0.9564,             0.78002,            0.016994,            0.021578,           0.0011233,            0.002278,            0.002278,            0.002278
                 158,            0.017713,            0.029988,          0.00067311,             0.90403,             0.91599,              0.9557,             0.78057,             0.01699,            0.021647,           0.0012383,           0.0022285,           0.0022285,           0.0022285
                 159,            0.017669,            0.029735,          0.00063516,             0.90834,             0.91441,              0.9557,             0.77984,            0.017024,            0.021691,           0.0012104,            0.002179,            0.002179,            0.002179
                 160,             0.01778,            0.029565,           0.0006566,             0.90874,             0.91209,             0.95605,             0.77913,            0.017032,            0.021671,            0.001264,           0.0021295,           0.0021295,           0.0021295
                 161,            0.017472,            0.029129,          0.00064488,             0.90842,             0.91282,             0.95567,             0.77988,            0.017029,            0.021711,           0.0013108,             0.00208,             0.00208,             0.00208
                 162,            0.017523,            0.029509,          0.00057147,             0.90446,             0.91526,             0.95417,             0.77793,            0.017078,            0.021781,            0.001341,           0.0020305,           0.0020305,           0.0020305
                 163,            0.017453,            0.028517,          0.00064611,             0.90491,              0.9124,             0.95501,             0.77763,            0.017103,             0.02179,            0.001379,            0.001981,            0.001981,            0.001981
                 164,            0.017483,            0.029315,          0.00054323,             0.89841,             0.91749,             0.95571,             0.77928,            0.017119,            0.021724,           0.0014235,           0.0019315,           0.0019315,           0.0019315
                 165,            0.017468,            0.028835,          0.00062028,             0.90012,             0.91869,             0.95506,             0.78012,            0.017147,            0.021684,           0.0013826,            0.001882,            0.001882,            0.001882
                 166,            0.017512,            0.029004,          0.00057816,             0.89997,             0.92147,             0.95648,             0.78103,             0.01716,            0.021684,           0.0013602,           0.0018325,           0.0018325,           0.0018325
                 167,            0.017363,            0.028923,          0.00055384,             0.89909,             0.91909,             0.95612,             0.78127,            0.017135,            0.021667,           0.0013941,            0.001783,            0.001783,            0.001783
                 168,            0.017539,             0.02839,          0.00055406,             0.90415,             0.91482,              0.9563,             0.78168,            0.017142,            0.021687,           0.0013399,           0.0017335,           0.0017335,           0.0017335
                 169,            0.017422,            0.028732,          0.00050861,             0.90946,             0.91427,             0.95625,             0.78359,            0.017163,             0.02171,           0.0013393,            0.001684,            0.001684,            0.001684
                 170,            0.017066,            0.028559,          0.00050017,             0.90935,             0.91695,             0.95558,             0.78271,             0.01717,            0.021751,           0.0013701,           0.0016345,           0.0016345,           0.0016345
                 171,            0.017212,            0.028573,          0.00051737,             0.90642,             0.91868,             0.95548,             0.78415,            0.017148,            0.021854,           0.0013843,            0.001585,            0.001585,            0.001585
                 172,            0.016945,            0.027795,          0.00060742,             0.90795,             0.91566,             0.95483,             0.78163,            0.017166,            0.022015,           0.0015132,           0.0015355,           0.0015355,           0.0015355
                 173,            0.017412,            0.028495,          0.00052612,             0.90042,             0.91826,             0.95469,             0.78207,            0.017155,            0.022041,           0.0015754,            0.001486,            0.001486,            0.001486
                 174,            0.017207,            0.028737,          0.00053082,             0.90297,             0.91689,             0.95511,             0.78235,            0.017121,            0.022038,            0.001576,           0.0014365,           0.0014365,           0.0014365
                 175,            0.017152,            0.028883,          0.00047924,             0.90755,             0.91473,             0.95547,             0.78367,            0.017135,            0.022026,           0.0014609,            0.001387,            0.001387,            0.001387
                 176,            0.016639,            0.027902,          0.00055864,             0.90237,             0.92211,             0.95546,             0.78307,            0.017158,            0.022036,           0.0014056,           0.0013375,           0.0013375,           0.0013375
                 177,              0.0166,            0.028345,          0.00051273,              0.9049,             0.91885,             0.95617,             0.78373,            0.017185,            0.022038,           0.0012898,            0.001288,            0.001288,            0.001288
                 178,            0.016876,            0.028025,          0.00046881,             0.90784,             0.91645,             0.95687,             0.78516,            0.017189,            0.022051,           0.0012409,           0.0012385,           0.0012385,           0.0012385
                 179,            0.016931,            0.027896,           0.0004359,             0.91037,             0.91168,             0.95689,             0.78454,            0.017168,            0.022088,           0.0013024,            0.001189,            0.001189,            0.001189
                 180,            0.016794,            0.027708,          0.00051792,             0.90143,             0.91957,             0.95662,             0.78438,            0.017172,            0.022055,           0.0014085,           0.0011395,           0.0011395,           0.0011395
                 181,            0.016785,            0.027157,          0.00050412,             0.90807,             0.91331,             0.95707,             0.78408,             0.01717,            0.022031,           0.0013975,             0.00109,             0.00109,             0.00109
                 182,            0.016737,            0.027831,          0.00047762,             0.90654,             0.91508,             0.95624,             0.78397,            0.017173,            0.022042,           0.0013963,           0.0010405,           0.0010405,           0.0010405
                 183,            0.016634,             0.02788,          0.00043323,             0.90544,             0.91632,             0.95615,             0.78346,            0.017192,            0.022092,           0.0013727,            0.000991,            0.000991,            0.000991
                 184,            0.017165,             0.02832,          0.00043907,             0.91747,             0.90553,               0.956,              0.7832,            0.017204,            0.022145,           0.0013651,           0.0009415,           0.0009415,           0.0009415
                 185,            0.016565,            0.027746,          0.00044529,             0.91995,             0.90249,              0.9553,             0.78319,            0.017213,            0.022179,           0.0013653,            0.000892,            0.000892,            0.000892
                 186,            0.016851,            0.027787,          0.00044961,             0.91851,             0.89998,             0.95555,             0.78289,            0.017215,             0.02218,           0.0013613,           0.0008425,           0.0008425,           0.0008425
                 187,            0.016692,             0.02816,          0.00044633,             0.91736,             0.90338,              0.9559,             0.78395,             0.01721,            0.022207,           0.0013637,            0.000793,            0.000793,            0.000793
                 188,            0.016852,            0.027819,          0.00039798,             0.91581,             0.90486,             0.95582,             0.78365,            0.017196,            0.022235,           0.0013545,           0.0007435,           0.0007435,           0.0007435
                 189,            0.016634,            0.027534,          0.00044201,              0.9173,             0.90444,             0.95557,             0.78317,            0.017194,             0.02226,           0.0013733,            0.000694,            0.000694,            0.000694
                 190,            0.016716,            0.027323,          0.00035918,             0.91754,             0.90361,              0.9553,             0.78405,            0.017185,            0.022327,           0.0013968,           0.0006445,           0.0006445,           0.0006445
                 191,             0.01629,            0.027703,          0.00046173,             0.90284,             0.91523,             0.95417,             0.78367,            0.017193,            0.022411,           0.0014154,            0.000595,            0.000595,            0.000595
                 192,             0.01649,            0.027511,          0.00043311,             0.90425,             0.91262,             0.95384,             0.78276,            0.017203,            0.022479,           0.0014444,           0.0005455,           0.0005455,           0.0005455
                 193,            0.016458,            0.026957,          0.00044721,             0.90634,             0.90973,             0.95362,             0.78291,            0.017207,            0.022516,           0.0014815,            0.000496,            0.000496,            0.000496
                 194,            0.016256,            0.026979,          0.00038221,             0.91183,             0.90272,             0.95346,              0.7831,            0.017224,             0.02257,           0.0015004,           0.0004465,           0.0004465,           0.0004465
                 195,            0.016403,            0.027508,          0.00044271,             0.90604,              0.9097,             0.95348,             0.78308,            0.017242,              0.0226,           0.0015378,            0.000397,            0.000397,            0.000397
                 196,            0.016388,            0.026927,           0.0003725,             0.90742,             0.90837,             0.95293,              0.7823,            0.017253,             0.02263,           0.0015727,           0.0003475,           0.0003475,           0.0003475
                 197,            0.016074,            0.026674,          0.00040429,             0.90608,             0.90919,             0.95296,             0.78226,            0.017256,            0.022641,           0.0015958,            0.000298,            0.000298,            0.000298
                 198,            0.015754,            0.026541,           0.0004175,             0.90402,             0.91146,             0.95266,             0.78222,             0.01726,            0.022665,           0.0016035,           0.0002485,           0.0002485,           0.0002485
                 199,            0.015902,            0.025855,          0.00042139,             0.90313,             0.91122,             0.95267,             0.78186,            0.017265,            0.022685,            0.001617,            0.000199,            0.000199,            0.000199
